{"cameraMode":{"drawMode":0,"name":"Shaded","section":"Shading Mode"},"sceneLighting":true,"audioPlay":false,"sceneViewState":{"m_AlwaysRefresh":false,"showFog":true,"showSkybox":true,"showFlares":true,"showImageEffects":true,"showParticleSystems":true,"showVisualEffectGraphs":true,"m_FxEnabled":true},"in2DMode":false,"pivot":{"x":16.065887451171876,"y":-8.249919891357422,"z":17.423633575439454},"rotation":{"x":0.29488086700439455,"y":0.3065665364265442,"z":-0.10050971060991287,"w":0.8994331359863281},"size":20.74479103088379,"orthographic":false}